3_5_/2792/2792_ll_HB_0.jpg,0,0,1,0,1,0,0,0
3_5_/2792/2792_ll_HB_1.jpg,0,0,1,0,1,0,0,0
3_5_/2792/2792_ll_HB_10.jpg,0,0,1,0,1,0,0,0
3_5_/2792/2792_ll_HB_11.jpg,0,0,1,0,1,0,0,0
3_5_/2792/2792_ll_HB_12.jpg,0,0,1,0,1,0,0,0
3_5_/2792/2792_ll_HB_13.jpg,0,0,1,0,1,0,0,0
3_5_/2792/2792_ll_HB_14.jpg,0,0,1,0,1,0,0,0
3_5_/2792/2792_ll_HB_15.jpg,0,0,1,0,1,0,0,0
3_5_/2792/2792_ll_HB_16.jpg,0,0,1,0,1,0,0,0
3_5_/2792/2792_ll_HB_17.jpg,0,0,1,0,1,0,0,0
3_5_/2792/2792_ll_HB_18.jpg,0,0,1,0,1,0,0,0
3_5_/2792/2792_ll_HB_19.jpg,0,0,1,0,1,0,0,0
3_5_/2792/2792_ll_HB_2.jpg,0,0,1,0,1,0,0,0
3_5_/2792/2792_ll_HB_3.jpg,0,0,1,0,1,0,0,0
3_5_/2792/2792_ll_HB_4.jpg,0,0,1,0,1,0,0,0
3_5_/2792/2792_ll_HB_5.jpg,0,0,1,0,1,0,0,0
3_5_/2792/2792_ll_HB_6.jpg,0,0,1,0,1,0,0,0
3_5_/2792/2792_ll_HB_7.jpg,0,0,1,0,1,0,0,0
3_5_/2792/2792_ll_HB_8.jpg,0,0,1,0,1,0,0,0
3_5_/2792/2792_ll_HB_9.jpg,0,0,1,0,1,0,0,0
